Date,Category,Likes
2026-01-26,beauty,4837
2026-03-03,tech,8534
2026-03-14,family,5475
2026-02-10,fitness,7969
2026-04-02,family,935
2026-04-13,tech,9863
2026-03-09,family,766
2026-03-27,fitness,3247
2026-03-17,tech,9889
2026-04-05,family,6882
2026-04-07,beauty,8900
2026-02-24,tech,7373
2026-04-10,fitness,3431
2026-03-10,fitness,1206
2026-04-06,tech,5113
2026-01-29,tech,3815
2026-01-10,beauty,8086
2026-04-03,family,7740
2026-04-05,family,9417
2026-03-23,beauty,5667
2026-03-05,family,9665
2026-01-03,fitness,8783
2026-02-02,family,925
2026-04-15,tech,7716
2026-01-11,tech,5306
2026-01-19,beauty,4565
2026-03-16,family,9463
2026-03-27,tech,7460
2026-04-04,family,6388
2026-01-21,fitness,7509
2026-02-14,tech,1822
2026-04-18,family,2600
2026-04-10,family,2150
2026-04-11,tech,4835
2026-03-30,beauty,487
2026-04-17,beauty,6928
2026-04-23,family,5853
2026-03-19,beauty,8484
2026-04-09,tech,7322
2026-03-15,beauty,6809
2026-03-20,beauty,7298
2026-04-07,family,6535
2026-03-20,beauty,6012
2026-03-20,beauty,6618
2026-04-01,tech,9262
2026-03-17,fitness,1342
2026-03-19,tech,5130
2026-04-03,tech,7265
2026-02-20,beauty,5618
2026-03-13,beauty,7833
2026-02-19,beauty,3709
2026-02-17,beauty,2224
2026-03-02,fitness,3567
2026-04-06,beauty,255
2026-04-01,fitness,2382
2026-01-19,beauty,9190
2026-04-14,tech,4307
2026-04-06,fitness,1932
2026-04-17,tech,2055
2026-01-08,tech,5608
2026-03-19,tech,6555
2026-04-03,fitness,5253
2026-01-07,family,1229
2026-02-12,fitness,2939
2026-03-28,family,8315
2026-01-04,beauty,1273
2026-01-14,fitness,3529
2026-02-23,beauty,6623
2026-02-13,family,1821
2026-04-14,family,2790
2026-02-08,fitness,7251
2026-02-07,tech,942
2026-01-17,family,2934
2026-03-28,family,8242
2026-02-19,tech,8310
2026-02-24,family,5559
2026-01-26,fitness,8365
2026-03-12,beauty,3410
2026-03-03,fitness,5782
2026-04-06,fitness,7462
2026-03-17,fitness,980
2026-01-06,fitness,1761
2026-03-09,fitness,4086
2026-01-03,family,2661
2026-03-03,fitness,9481
2026-02-05,family,5720
2026-04-01,family,5882
2026-03-04,beauty,8804
2026-04-23,beauty,5640
2026-03-13,fitness,1136
2026-04-05,family,2278
2026-04-20,fitness,8871
2026-01-22,beauty,3458
2026-01-09,beauty,9156
2026-02-18,beauty,2365
2026-03-09,beauty,2744
2026-04-17,fitness,4511
2026-01-06,beauty,2113
2026-03-06,fitness,1746
2026-01-10,fitness,6066
2026-01-28,beauty,3644
2026-04-09,tech,1337
2026-03-01,beauty,4265
2026-03-10,fitness,9269
2026-03-06,family,1599
2026-04-02,beauty,2834
2026-02-25,beauty,8960
2026-02-07,family,4586
2026-02-14,family,9351
2026-03-26,tech,8460
2026-01-07,beauty,9912
2026-01-16,family,786
2026-03-16,fitness,1884
2026-02-21,family,8768
2026-04-03,fitness,9005
2026-01-29,beauty,5129
2026-03-08,family,1665
2026-01-03,family,1950
2026-01-10,fitness,151
2026-01-04,tech,9258
2026-04-04,tech,2206
2026-02-14,fitness,8368
2026-03-03,fitness,7645
2026-01-02,family,5877
2026-01-02,tech,8311
2026-04-03,beauty,6736
2026-02-02,tech,6322
2026-04-10,tech,3674
2026-02-12,beauty,7529
2026-01-09,fitness,5137
2026-03-30,tech,4130
2026-02-24,family,2538
2026-04-16,tech,2823
2026-03-14,fitness,9753
2026-01-04,tech,7414
2026-03-12,beauty,4655
2026-01-14,fitness,6047
2026-04-14,fitness,5934
2026-01-24,family,4804
2026-03-30,fitness,7280
2026-02-16,family,5673
2026-02-08,fitness,2042
2026-02-28,fitness,5307
2026-04-02,fitness,9564
2026-03-29,beauty,6954
2026-03-06,family,9169
2026-03-24,family,5291
2026-01-02,fitness,1219
2026-03-30,tech,1880
2026-02-17,fitness,749
2026-02-21,fitness,6057
2026-04-06,family,8760
2026-03-16,tech,5241
2026-01-26,tech,3043
2026-03-23,family,4811
2026-01-16,beauty,7074
2026-01-23,beauty,1476
2026-03-19,family,3557
2026-01-24,tech,9481
2026-04-16,family,286
2026-03-30,family,7061
2026-02-24,tech,6245
2026-01-06,beauty,8820
2026-02-27,beauty,5280
2026-01-07,beauty,8059
2026-04-09,tech,9125
2026-03-18,fitness,763
2026-03-16,tech,458
2026-01-06,fitness,7503
2026-02-03,beauty,7712
2026-01-25,fitness,3711
2026-04-20,tech,1558
2026-03-14,beauty,7143
2026-03-16,beauty,9729
2026-04-22,fitness,8574
2026-03-11,fitness,2663
2026-03-28,fitness,3807
2026-01-29,family,9059
2026-01-20,tech,8367
2026-03-28,beauty,4833
2026-03-25,beauty,3910
2026-02-05,beauty,6141
2026-03-11,fitness,4098
2026-04-07,family,3208
2026-03-13,family,9373
2026-02-04,tech,5698
2026-04-22,family,2869
2026-03-06,family,1905
2026-01-06,tech,9711
2026-01-01,beauty,4867
2026-02-27,family,775
2026-01-17,fitness,3008
2026-02-01,beauty,8710
2026-03-03,beauty,5886
2026-04-11,beauty,9605
2026-02-07,fitness,3119
2026-03-21,tech,166
2026-04-01,fitness,9378
2026-04-02,tech,7323
2026-01-28,tech,7122
2026-04-10,tech,4723
2026-04-16,tech,852
2026-03-09,tech,4384
2026-04-09,family,5444
2026-03-04,beauty,2286
2026-02-11,beauty,8116
2026-02-13,family,7034
2026-02-22,fitness,3221
2026-01-28,beauty,673
2026-03-02,family,2981
2026-03-06,tech,2517
2026-03-21,fitness,9290
2026-03-01,fitness,7247
2026-03-22,family,7069
2026-01-02,tech,7919
2026-03-17,fitness,3172
2026-04-13,family,8871
2026-03-11,family,8181
2026-02-04,beauty,2595
2026-02-18,tech,1043
2026-02-05,beauty,7075
2026-03-07,tech,6426
2026-02-22,fitness,6200
2026-01-07,family,2313
2026-03-29,fitness,8017
2026-02-13,beauty,2319
2026-03-09,beauty,3031
2026-04-22,family,3217
2026-03-20,tech,7699
2026-03-14,tech,6842
2026-03-11,tech,6662
2026-02-11,family,6080
2026-03-27,fitness,8112
2026-04-20,family,2214
2026-01-03,fitness,3265
2026-01-04,beauty,9984
2026-01-28,beauty,6342
2026-01-09,beauty,9352
2026-03-21,fitness,2274
2026-02-18,fitness,7440
2026-03-07,fitness,651
2026-02-24,fitness,9779
2026-02-09,fitness,7996
2026-02-06,tech,2622
2026-01-20,beauty,8714
2026-02-25,family,3976
2026-02-18,fitness,7966
2026-01-02,fitness,8192
2026-01-31,tech,1854
2026-03-28,tech,1256
2026-02-23,tech,7741
2026-02-21,family,1007
2026-01-19,beauty,8195
2026-01-07,beauty,7213
2026-01-20,tech,1446
2026-04-11,tech,3719
2026-01-29,fitness,3116
2026-01-19,tech,9493
2026-03-12,beauty,4940
2026-04-02,beauty,1288
2026-03-06,fitness,6177
2026-03-23,beauty,2738
2026-01-16,tech,2808
2026-01-18,fitness,9230
2026-01-14,beauty,1264
2026-03-11,fitness,974
2026-04-21,family,5595
2026-01-07,tech,216
2026-04-02,beauty,7624
2026-01-22,tech,8384
2026-04-08,tech,6116
2026-02-13,beauty,8134
2026-04-22,family,9618
2026-03-04,tech,335
2026-01-26,beauty,1461
2026-01-10,beauty,4342
2026-03-23,fitness,5487
2026-01-24,tech,7494
2026-01-02,family,2441
2026-02-18,beauty,9982
2026-02-26,fitness,1263
2026-04-15,family,7040
2026-03-22,tech,6399
2026-02-25,beauty,2500
2026-04-11,family,2320
2026-01-06,tech,9451
2026-02-05,beauty,5212
2026-01-27,family,9137
2026-01-14,fitness,7019
2026-03-14,beauty,7787
2026-02-20,fitness,3666
2026-04-13,family,4318
2026-02-09,tech,1318
2026-02-26,fitness,1538
2026-04-11,family,6002
2026-02-10,tech,8443
2026-02-01,tech,5677
2026-02-13,beauty,7834
2026-02-02,tech,7517
2026-02-22,fitness,4603
2026-04-17,tech,1169
2026-01-10,tech,9959
2026-03-02,fitness,6887
2026-03-13,fitness,4588
2026-03-27,beauty,1075
2026-02-04,family,4456
2026-01-19,family,6126
2026-01-21,fitness,5690
2026-01-03,beauty,5258
2026-02-08,family,3889
2026-04-18,fitness,7688
2026-02-15,fitness,7247
2026-02-15,fitness,680
2026-03-08,family,9066
2026-02-04,fitness,2550
2026-03-28,fitness,6444
2026-01-03,tech,2896
2026-02-24,fitness,5383
2026-02-22,tech,4266
2026-04-13,family,5891
2026-02-22,beauty,7682
2026-01-03,family,5712
2026-01-27,tech,5261
2026-02-11,fitness,5400
2026-02-22,tech,7097
2026-01-20,fitness,1940
2026-03-30,family,4074
2026-02-11,family,292
2026-03-21,tech,1877
2026-01-26,fitness,5688
2026-01-11,family,6609
2026-01-08,family,4282
2026-01-02,beauty,80
2026-01-29,family,119
2026-01-23,tech,1110
2026-01-26,tech,5467
2026-04-18,fitness,7101
2026-02-23,family,3191
2026-03-27,tech,6242
2026-01-13,family,7831
2026-02-04,family,6934
2026-03-04,fitness,2768
2026-03-21,tech,8311
2026-02-05,family,3128
2026-01-28,tech,1297
2026-02-10,beauty,5140
2026-02-20,family,4136
2026-02-17,tech,7282
2026-03-04,tech,9970
2026-03-08,fitness,5209
2026-02-01,fitness,1862
2026-04-15,family,1694
2026-04-18,family,2103
2026-01-12,family,3200
2026-01-14,beauty,7338
2026-01-23,family,3588
2026-02-11,tech,995
2026-03-09,beauty,4154
2026-01-11,fitness,6444
2026-01-10,beauty,7078
2026-01-28,fitness,1223
2026-01-26,tech,3200
2026-01-28,beauty,7453
2026-02-18,beauty,4359
2026-04-21,fitness,8411
2026-02-14,tech,3604
2026-04-15,fitness,145
2026-03-22,beauty,8831
2026-03-11,fitness,3858
2026-03-22,family,2832
2026-02-23,family,3188
2026-04-10,family,8913
2026-04-03,family,1099
2026-03-01,beauty,9550
2026-02-22,tech,7106
2026-03-12,beauty,454
2026-02-20,fitness,2772
2026-02-04,family,9881
2026-02-04,fitness,2290
2026-02-11,fitness,881
2026-02-24,family,5260
2026-01-02,family,5866
2026-02-06,fitness,3619
2026-01-27,beauty,1193
2026-02-01,tech,1223
2026-03-31,family,9229
2026-02-08,fitness,2502
2026-01-16,family,6890
2026-01-10,family,5371
2026-03-16,tech,4519
2026-04-17,beauty,32
2026-03-04,fitness,3906
2026-04-09,fitness,7665
2026-04-07,tech,158
2026-03-14,beauty,9091
2026-03-26,tech,3460
2026-01-10,beauty,353
2026-04-09,beauty,9728
2026-04-08,fitness,4015
2026-03-03,family,437
2026-03-07,tech,4251
2026-04-08,tech,2533
2026-04-03,beauty,3134
2026-01-12,fitness,1045
2026-03-10,family,4853
2026-03-30,fitness,312
2026-03-05,family,1726
2026-04-18,fitness,2612
2026-04-12,beauty,3609
2026-01-06,family,669
2026-02-09,tech,7696
2026-02-24,tech,4296
2026-03-17,fitness,3318
2026-01-15,family,8211
2026-04-10,family,2616
2026-03-08,beauty,693
2026-03-22,beauty,9746
2026-03-24,family,6841
2026-03-01,beauty,2929
2026-01-26,fitness,281
2026-04-14,tech,1497
2026-01-20,beauty,3281
2026-02-19,fitness,1989
2026-03-25,fitness,1727
2026-04-06,family,5276
2026-02-11,beauty,7897
2026-03-16,fitness,6363
2026-02-06,fitness,5387
2026-01-01,beauty,7125
2026-04-19,tech,771
2026-02-02,beauty,4765
2026-02-26,fitness,1273
2026-01-07,fitness,6097
2026-01-10,beauty,7697
2026-01-28,fitness,6876
2026-03-04,tech,1180
2026-04-19,beauty,5953
2026-04-11,fitness,1222
2026-03-12,beauty,5535
2026-02-21,family,5011
2026-04-20,family,5059
2026-03-30,fitness,4912
2026-04-23,tech,721
2026-02-13,family,8715
2026-02-21,family,8272
2026-04-03,tech,3911
2026-02-09,family,9557
2026-04-13,fitness,2415
2026-04-01,tech,5037
2026-02-23,beauty,1759
2026-04-09,fitness,7588
2026-02-04,tech,9103
2026-02-07,family,2205
2026-03-09,fitness,2984
2026-03-19,beauty,4259
2026-03-13,beauty,3972
2026-03-17,family,1128
2026-02-05,fitness,6188
2026-03-29,tech,4974
2026-01-08,family,8029
2026-03-31,beauty,9864
2026-03-20,tech,2365
2026-03-26,family,8861
2026-02-12,fitness,6744
2026-01-29,fitness,7909
2026-02-06,beauty,8490
2026-01-14,fitness,3790
2026-01-02,fitness,7575
2026-02-20,tech,3828
2026-01-26,family,7185
2026-03-13,beauty,3129
2026-02-22,fitness,7843
2026-02-28,fitness,7499
2026-02-18,tech,3703
2026-02-13,fitness,4088
2026-01-11,tech,1858
2026-04-03,tech,2491
2026-01-11,family,9182
2026-02-24,tech,1027
2026-03-16,family,5307
2026-04-07,fitness,5946
2026-04-19,family,1382
2026-04-14,tech,1799
2026-03-09,family,7698
2026-02-26,beauty,6608
2026-04-07,beauty,5442
2026-02-12,fitness,7224
2026-02-12,fitness,5531
2026-04-21,family,1112
2026-01-15,fitness,7426
2026-01-31,tech,1895
2026-04-08,fitness,136
2026-03-24,family,3209
2026-04-07,fitness,35
2026-02-01,beauty,8783
2026-03-12,tech,4838
2026-03-22,tech,7066
2026-04-05,tech,6709
2026-02-10,tech,5081
2026-01-12,fitness,7195
2026-04-08,tech,5883
