Date,Category,Likes
2026-01-22,family,9714
2026-01-25,family,1194
2026-03-06,tech,2251
2026-03-09,tech,2675
2026-03-22,tech,4885
2026-01-02,family,1089
2026-02-13,tech,5567
2026-03-15,family,8684
2026-02-16,fitness,8768
2026-04-03,family,8532
2026-01-20,tech,9982
2026-03-28,fitness,3599
2026-04-14,tech,17
2026-03-06,tech,2431
2026-02-21,family,927
2026-02-17,fitness,1627
2026-02-23,family,5461
2026-04-17,fitness,14
2026-01-31,tech,8000
2026-01-08,fitness,8643
2026-04-12,fitness,8795
2026-03-18,fitness,126
2026-02-12,family,3746
2026-03-02,tech,7175
2026-03-14,fitness,7828
2026-03-18,family,1934
2026-03-02,family,3322
2026-03-04,tech,2460
2026-03-26,fitness,3774
2026-02-24,family,4738
2026-03-02,fitness,1215
2026-03-25,family,9693
2026-03-08,tech,8862
2026-03-20,fitness,1345
2026-01-07,family,6062
2026-03-23,fitness,9966
2026-02-12,tech,6390
2026-02-06,family,6712
2026-02-20,family,1782
2026-03-25,tech,9386
2026-02-03,family,9328
2026-02-07,tech,6891
2026-01-02,family,7443
2026-03-20,tech,8049
2026-03-28,fitness,2063
2026-04-08,tech,9243
2026-02-15,fitness,1995
2026-03-23,fitness,9884
2026-01-29,family,3525
2026-03-22,family,7714
2026-04-05,family,7877
2026-01-22,tech,1352
2026-02-28,family,8790
2026-03-25,fitness,3441
2026-02-19,fitness,489
2026-02-22,family,9461
2026-01-08,tech,1511
2026-03-25,family,7832
2026-03-25,family,4183
2026-03-06,family,4041
2026-02-03,family,5484
2026-03-25,fitness,9345
2026-04-03,tech,1672
2026-02-12,family,744
2026-03-04,family,7589
2026-02-16,tech,38
2026-04-09,tech,7730
2026-02-22,fitness,3938
2026-01-01,fitness,750
2026-04-18,fitness,3762
2026-03-07,family,6340
2026-03-21,tech,5515
2026-01-23,family,5739
2026-02-08,tech,6566
2026-02-07,family,1020
2026-04-05,fitness,5238
2026-04-03,fitness,4179
2026-03-15,fitness,1610
2026-02-19,tech,6705
2026-01-23,family,5119
2026-01-02,family,1823
2026-02-24,fitness,1734
2026-01-30,fitness,983
2026-04-02,family,6692
2026-01-30,fitness,8382
2026-04-02,fitness,9681
2026-03-25,fitness,4487
2026-02-03,fitness,3317
2026-02-19,fitness,3881
2026-03-04,family,645
2026-02-04,fitness,4261
2026-03-07,tech,1530
2026-01-23,family,7389
2026-01-08,fitness,7865
2026-03-15,fitness,3735
2026-01-10,fitness,3190
2026-03-11,family,3733
2026-01-15,family,8878
2026-01-22,family,9635
2026-03-18,family,8264
2026-02-06,tech,7152
2026-04-11,tech,6211
2026-02-03,tech,6801
2026-04-05,family,9965
2026-02-04,fitness,2127
2026-02-01,family,3560
2026-04-06,fitness,6412
2026-01-24,fitness,7742
2026-01-27,family,2806
2026-02-04,family,5582
2026-03-25,fitness,1402
2026-02-06,tech,8532
2026-03-30,tech,5578
2026-01-27,fitness,4727
2026-03-22,fitness,2443
2026-02-21,tech,8086
2026-02-26,tech,496
2026-01-27,family,6872
2026-01-30,family,6725
2026-04-02,fitness,7853
2026-02-26,family,369
2026-02-25,family,3905
2026-04-03,family,7026
2026-03-08,family,4516
2026-04-02,fitness,6164
2026-01-11,fitness,6750
2026-02-06,family,417
2026-04-16,tech,7505
2026-03-24,fitness,3743
2026-02-04,fitness,1285
2026-03-15,family,2597
2026-01-21,tech,1230
2026-03-10,tech,3861
2026-04-12,family,2175
2026-02-08,family,4079
2026-02-12,family,4326
2026-01-25,family,914
2026-04-13,fitness,5681
2026-03-27,tech,3052
2026-03-20,fitness,2185
2026-02-01,family,8399
2026-03-19,family,319
2026-01-13,fitness,670
2026-04-01,family,7812
2026-02-03,fitness,4228
2026-02-23,family,712
2026-03-05,tech,205
2026-03-12,family,5429
2026-02-28,tech,2907
2026-04-02,fitness,9572
2026-01-16,fitness,4366
2026-02-07,family,981
2026-03-22,family,9775
2026-01-10,family,5988
2026-03-03,fitness,6368
2026-02-01,family,7809
2026-04-06,family,1095
2026-01-29,tech,173
2026-01-10,tech,6919
2026-03-25,fitness,9893
2026-03-18,fitness,5367
2026-02-05,tech,7920
2026-04-08,family,4681
2026-01-17,tech,3604
2026-02-24,family,7393
2026-02-21,family,2217
2026-03-18,tech,1125
2026-03-04,fitness,7702
2026-01-31,fitness,2722
2026-01-31,family,8376
2026-03-30,tech,3712
2026-04-07,family,1959
2026-03-14,fitness,1927
2026-03-23,tech,5463
2026-04-12,fitness,6947
2026-02-11,family,4205
2026-02-19,fitness,8847
2026-01-15,tech,3370
2026-03-04,tech,3906
2026-01-07,fitness,9169
2026-01-09,fitness,9264
2026-02-28,fitness,1018
2026-02-22,family,9550
2026-03-31,tech,1808
2026-03-29,fitness,3016
2026-04-15,tech,4470
2026-03-31,family,9616
2026-01-24,family,2473
2026-03-06,tech,27
2026-04-06,tech,1168
2026-01-25,fitness,7445
2026-02-14,tech,8804
2026-03-24,tech,1684
2026-02-19,tech,706
2026-01-25,family,4774
2026-02-17,tech,9113
2026-03-21,tech,1268
2026-03-21,tech,7608
2026-02-10,fitness,8158
2026-03-28,fitness,2797
2026-04-16,tech,9903
2026-03-18,family,37
2026-04-18,family,2775
2026-02-02,family,4994
2026-02-13,family,4402
2026-02-16,family,3530
2026-03-19,family,8675
2026-01-13,tech,9256
2026-04-09,family,8354
2026-02-13,tech,4180
2026-01-06,fitness,905
2026-01-06,tech,7684
2026-01-20,family,8678
2026-02-02,tech,623
2026-04-12,fitness,4982
2026-01-09,fitness,6769
2026-01-12,family,8455
2026-03-27,tech,8658
2026-02-22,family,4511
2026-02-27,tech,6143
2026-02-12,fitness,546
2026-04-05,tech,1600
2026-03-25,tech,289
2026-04-08,tech,6319
2026-04-07,tech,3504
2026-03-14,family,1312
2026-02-14,family,287
2026-03-16,fitness,7195
2026-02-08,tech,5335
2026-02-26,tech,3879
2026-01-18,fitness,7996
2026-01-26,family,6524
2026-04-03,fitness,8252
2026-03-31,fitness,160
2026-02-22,tech,2560
2026-03-28,tech,640
2026-03-18,tech,5542
2026-03-02,family,7122
2026-01-16,fitness,9426
2026-03-24,family,5910
2026-04-02,tech,3791
2026-01-16,tech,3213
2026-01-06,tech,1125
2026-03-12,family,966
2026-02-16,fitness,7545
2026-01-31,family,177
2026-01-05,family,9294
2026-04-04,fitness,5459
2026-02-07,family,6718
2026-02-23,tech,4888
2026-01-17,fitness,612
2026-02-15,fitness,2336
2026-02-28,tech,8134
2026-01-19,family,1371
2026-04-09,tech,1766
2026-01-27,tech,9477
2026-03-14,fitness,3886
2026-01-20,tech,1900
2026-02-09,family,6041
2026-01-22,tech,8945
2026-01-17,tech,6955
2026-02-28,family,1548
2026-02-07,fitness,7849
2026-01-24,family,173
2026-03-01,family,2854
2026-02-15,tech,3463
2026-04-05,tech,3341
2026-01-13,family,5454
2026-04-13,family,6131
2026-03-16,fitness,5091
2026-03-01,tech,969
2026-01-14,tech,2708
2026-01-12,tech,6114
2026-02-05,tech,7743
2026-01-03,tech,513
2026-01-20,fitness,9858
2026-02-22,family,6961
2026-03-27,fitness,2721
2026-01-15,family,4908
2026-03-02,tech,5607
2026-01-25,tech,6823
2026-03-05,tech,2541
2026-01-20,family,9353
2026-02-11,tech,6291
2026-02-24,family,6897
2026-02-23,fitness,8546
2026-03-03,family,4110
2026-04-01,tech,9864
2026-03-01,tech,1767
2026-03-26,fitness,7475
2026-03-03,family,1309
2026-04-18,fitness,6665
2026-03-19,family,5521
2026-01-03,family,29
2026-04-14,tech,7815
2026-01-20,family,8162
2026-01-01,fitness,9798
2026-04-08,family,4470
2026-03-04,fitness,698
2026-03-24,fitness,5388
2026-01-22,family,3480
2026-03-19,family,3079
2026-02-25,fitness,9612
2026-03-23,tech,2198
2026-03-28,fitness,810
2026-03-29,fitness,1737
2026-02-13,family,1434
2026-01-05,family,4929
2026-04-10,tech,5044
2026-03-02,family,5013
2026-03-29,tech,9828
2026-01-06,tech,8279
2026-01-06,fitness,4443
2026-01-27,fitness,7256
2026-02-20,tech,8240
2026-01-29,tech,6436
2026-03-17,fitness,223
2026-02-27,tech,4483
2026-03-01,fitness,4503
2026-01-17,fitness,8863
2026-01-30,tech,866
2026-01-16,family,2766
2026-01-07,family,5481
2026-02-13,fitness,9839
2026-01-31,family,4265
2026-03-20,family,5875
2026-03-18,fitness,7129
2026-03-13,fitness,7626
2026-01-27,tech,4998
2026-03-16,fitness,9279
2026-02-26,tech,7820
2026-01-01,fitness,5644
2026-02-15,fitness,1880
2026-03-28,fitness,915
2026-02-03,fitness,9177
2026-03-12,fitness,5422
2026-03-18,tech,9216
2026-03-09,tech,5612
2026-02-11,fitness,2028
2026-01-31,family,1269
2026-02-10,tech,5388
2026-01-29,fitness,8416
2026-01-17,fitness,2981
2026-01-09,fitness,5146
2026-01-11,fitness,8389
2026-01-13,fitness,1901
2026-03-19,tech,9341
2026-03-12,family,3736
2026-01-20,family,4690
2026-01-19,fitness,5493
2026-01-02,tech,7368
2026-01-20,tech,4586
2026-02-15,fitness,4048
2026-04-02,family,2199
2026-03-04,family,1944
2026-03-04,family,7803
2026-04-06,tech,5856
2026-03-29,fitness,9593
2026-01-14,tech,8748
2026-01-16,tech,1266
2026-02-09,tech,5722
2026-02-23,tech,3417
2026-01-29,tech,6597
2026-02-24,tech,5959
2026-04-05,tech,7063
2026-02-26,family,7590
2026-03-04,tech,9678
2026-02-24,fitness,4989
2026-03-29,family,3185
2026-02-04,family,8661
2026-02-25,tech,4125
2026-03-02,family,9756
2026-02-06,fitness,3043
2026-03-25,family,9617
2026-04-06,family,9754
2026-01-27,fitness,4095
2026-03-14,tech,4596
2026-01-30,fitness,1660
2026-04-07,fitness,7973
2026-03-25,fitness,2038
2026-02-03,fitness,5029
2026-02-06,tech,3379
2026-02-21,fitness,305
2026-02-15,fitness,4617
2026-03-12,tech,6449
2026-04-09,fitness,4680
2026-02-28,fitness,3465
2026-03-31,tech,6792
2026-02-28,family,9829
2026-03-16,fitness,3695
2026-01-15,tech,3497
2026-03-24,tech,6364
2026-03-31,tech,6520
2026-02-07,tech,4731
2026-01-05,family,7146
2026-01-01,fitness,6564
2026-01-11,family,8862
2026-01-30,family,6186
2026-02-20,tech,6413
2026-02-20,tech,6718
2026-01-07,tech,2771
2026-02-26,tech,20
2026-02-04,tech,8472
2026-04-07,fitness,3569
2026-03-12,family,3207
2026-04-10,tech,5060
2026-02-21,fitness,7901
2026-02-06,fitness,4825
2026-01-28,family,500
2026-03-03,fitness,5866
2026-01-11,tech,1365
2026-03-06,tech,6518
2026-02-25,fitness,8691
2026-02-04,tech,5545
2026-02-14,tech,51
2026-01-21,tech,3504
2026-01-05,fitness,6265
2026-04-17,fitness,2758
2026-04-12,tech,2821
2026-02-06,family,5776
2026-02-07,family,3142
2026-04-08,tech,3317
2026-03-14,fitness,491
2026-03-25,fitness,3165
2026-01-05,fitness,671
2026-02-05,family,618
2026-02-14,tech,626
2026-03-22,family,8343
2026-03-14,family,569
2026-02-12,fitness,1182
2026-02-16,fitness,1951
2026-02-13,fitness,9540
2026-03-09,fitness,3146
2026-02-21,tech,1412
2026-04-10,family,7101
2026-01-25,family,4958
2026-02-21,fitness,5808
2026-01-12,family,6781
2026-01-15,fitness,526
2026-01-15,tech,2437
2026-02-20,tech,3696
2026-02-17,fitness,3492
2026-04-18,fitness,9181
2026-01-05,tech,2914
2026-01-03,tech,2123
2026-02-25,fitness,7073
2026-01-31,family,5380
2026-01-20,family,6704
2026-02-18,family,9186
2026-03-28,fitness,3436
2026-01-03,tech,5630
2026-03-02,fitness,6846
2026-02-12,family,9132
2026-04-15,family,5783
2026-01-17,fitness,9253
2026-01-31,family,292
2026-01-11,fitness,7130
2026-01-05,tech,6016
2026-01-26,fitness,9274
2026-02-22,family,6834
2026-01-28,family,9673
2026-02-10,fitness,6823
2026-02-08,family,8474
2026-03-08,fitness,2541
2026-01-22,family,1965
2026-02-25,fitness,8624
2026-04-16,family,3322
2026-01-19,tech,560
2026-01-30,tech,197
2026-02-25,fitness,8653
2026-01-02,family,9469
2026-03-17,tech,12
2026-04-06,family,6037
2026-03-19,family,5562
2026-03-22,family,7071
2026-03-29,family,8322
2026-03-28,fitness,9255
2026-04-13,fitness,9923
2026-02-06,tech,7889
2026-02-10,fitness,7026
2026-01-18,tech,3705
2026-04-18,tech,3243
2026-02-16,family,7880
2026-03-04,family,6914
2026-04-04,tech,6091
2026-03-24,tech,3811
2026-03-02,tech,1126
2026-04-13,fitness,5955
2026-04-10,tech,8418
2026-02-04,fitness,8937
2026-01-22,tech,6047
2026-04-01,fitness,9333
2026-02-27,tech,6356
2026-03-10,fitness,513
2026-03-28,fitness,2060
2026-01-11,family,6054
2026-02-08,fitness,171
2026-01-24,fitness,1294
2026-02-20,tech,8452
2026-01-22,tech,3572
2026-03-02,tech,6354
